1,he put an elephant into the fridge,he put a turkey into the fridge,1.0
2,my sister eats an apple after breakfast every day,my sister eats a stone after breakfast every day,1.0
3,money can be used for buying cars,money can be used for buying stars,1.0
4,new york is located in the northeastern part of usa,usa is located in the northeastern part of new york,1.0
5,a man can better see stars and the moon in daytime,a man can hardly see stars and the moon in daytime,1.0
6,he was sent to a restaurant for treatment after a car crash,he was sent to a hospital for treatment after a car crash,1.0
8,cans are usually made of gold,cans are usually made of aluminum,0.875
9,i put my desktop into my suitcase before departure,i put my laptop into my suitcase before departure,0.8888888888888888
10,i walk to the moon,i walk to the school,0.9
11,i work 25 hours a day,i work 8 hours a day,0.9090909090909091
12,i'm hungry for water,i'm hungry for food,0.9166666666666666
13,this bucket can hold one gallon of water,this basket can hold one gallon of water,0.9230769230769231
15,i put the rubbish into a trash can,i put the rubbish into a mailbox,0.8666666666666667
16,most children hate candies,most children love candies,0.875
17,most people become wiser after drinking a lot alcohol,most people become more stupid after drinking a lot alcohol,0.8823529411764706
19,computers are everywhere in a forest,trees are everywhere in a forest,0.8421052631578947
20,my family used to watch tv together after dinner,my family used to watch radio together after dinner,0.85
21,i became hungry after a whole day starvation,i became sleepy after a whole day starvation,0.8571428571428571
22,he died after taking poisons,he cured after taking poisons,0.8636363636363636
23,i changed my direction when passing a crossroads,i changed my car when passing a crossroads,0.8695652173913043
24,i had a sweet dream when i was asleep yesterday,i had a sweet dream when i was awake yesterday,0.875
25,my dad drinks a tin of cola everyday,my dad grows a tin of cola everyday,0.88
26,alice became joyful after felt left out by her friends,alice became sad after felt left out by her friends,0.8846153846153846
28,i was humiliated by him so i broke up with him,i was humiliated by him so i had better friendship with him,0.8571428571428571
29,i cooked my meal at the restaurant,i paid for my meal at the restaurant,0.8620689655172413
30,bob loves to play tennis at the indoor stadium,bob loves to play tennis at the sports store,0.8666666666666667
32,i am tall so i have an advantage in basketball,i am short so i have an advantage in basketball,0.84375
33,mother sings a lullaby to send her baby asleep,mother sings a rock-and-roll to send her baby asleep,0.8484848484848485
35,i call my mum with a phone,i call my mum with a drum,0.8285714285714286
36,i like drinking mercury after dinner,i like drinking coffee after dinner,0.8333333333333334
38,sugar is the main ingredient in candy,plastic is the main ingredient in candy,0.8157894736842105
39,he put some soy sauce to make the noodles taste better,he put some soy sauce to make the robot taste better,0.8205128205128205
41,sailing is an expensive hobby,walking is an expensive hobby,0.8048780487804879
42,managers greet with each other and begin to bark,managers greet with each other and begin to talk,0.8095238095238095
43,teachers teach geography with a globe,teachers teach sports with a globe,0.813953488372093
45,children have fun in the amusement park,children have fun in the cemetery,0.8
46,mary eats at a restaurant to do the dishes,mary eats at a restaurant to avoid doing the dishes,0.8043478260869565
47,wool is a form of clothing material,wool is a form of eating material,0.8085106382978723
48,mum is cooking a delicious meal in the kitchen,mum is cooking a delicious meal in the bedroom,0.8125
49,cars on the freeway multiply during holidays,cars on the railway multiply during holidays,0.8163265306122449
50,beef cooked on the drill tastes delicious,beef cooked on the grill tastes delicious,0.82
51,jerry takes a visiting card from the rolodex to keep in touch with tom,jerry takes a tissue from the rolodex to keep in touch with tom,0.8235294117647058
52,pictures can be kept on films temporarily,pictures can be kept on films eternally,0.8269230769230769
54,human beings can travel to the moon by spacecraft,human beings can travel to the moon by bus,0.8148148148148148
55,she is happy to play with her friends,she is sad to play with her friends,0.8181818181818182
57,we took television sets to commemorate important days,we took photos to commemorate important days,0.8070175438596491
59,he turns on the radio to listen to music,he turns on the light to listen to music,0.7966101694915254
60,lily opened the window to let some fresh air in,lily opened the wall to let some fresh air in,0.8
61,a giant panda is a black and white mammal found in asia,a giant panda is a black and white bird found in asia,0.8032786885245902
62,people put on summer dresses when summer comes,people put on summer dresses when winter comes,0.8064516129032258
63,smoking is bad for health,smoking is good for health,0.8095238095238095
64,a power socket has a copper housing for safety,a power socket has a plastic housing for safety,0.8125
66,i write a letter to tell her i am fine,i rip a letter to tell her i am fine,0.803030303030303
67,a dining room is a place where people sleep,a dining room is a place where people eat,0.8059701492537313
68,he breaks the iron board with a bare hand,he breaks the wooden board with a bare hand,0.8088235294117647
69,supermarkets cut down prices for a year-end clearance,supermarkets rise prices for a year-end clearance,0.8115942028985508
70,the farm is destroyed by a tomato,the farm is destroyed by a tornado,0.8142857142857143
71,he is so famous that everybody has heard of him,he is so famous that nobody has heard of him,0.8169014084507042
72,i like her songs because she is a good singer,i like her songs because she is a good cook,0.8194444444444444
73,there are many aquatic plants in the pond,there are many trees in the pond,0.821917808219178
76,lily goes to the cinema to watch a movie,lily goes to the cinema to listen to a concert,0.8026315789473685
77,centigrade is a measure of acidity,centigrade is a measure of temperature,0.8051948051948052
79,the fire was caused by a lighted cigarette,the fire was caused by a glass of water,0.7974683544303798
81,a prince is a piece used in the game of chess,a king is a piece used in the game of chess,0.7901234567901234
82,maid is an important member of a family,mother is an important member of a family,0.7926829268292683
84,a sea is a large body of salt water,a sea is a large body of sweet water,0.7857142857142857
86,farmers are growing mushrooms under the sun,farmers are growing crops under the sun,0.7790697674418605
87,tom buys his girlfriend a bunch of roses on valentine's day,tom buys his girlfriend a bunch of carnations on valentine's day,0.7816091954022989
89,there are many fishes in the desert,there are many fishes in the sea,0.7752808988764045
90,i fly to new york to see the statue of liberty,i fly to paris to see the statue of liberty,0.7777777777777778
91,nissan is a foreign plane manufacturer,nissan is a foreign car manufacturer,0.7802197802197802
92,food is stored in the pan,food is stored in the fridge,0.782608695652174
93,the image of the cat seems to be reflected many times in the mirror,the image of the cat seems to be reflected many times in the glass,0.7849462365591398
94,she goes traveling on holidays,she goes traveling on weekdays,0.7872340425531915
95,laughter is a sign of joy,laughter is a sign of sorrow,0.7894736842105263
96,mary sits at the closet and begins reading,mary sits at the desk and begins reading,0.7916666666666666
98,he climbs up the mountain with the help of a rope,he climbs up the mountain with the help of a ribbon,0.7857142857142857
99,he opens a storybook and begins to read,he opens a storybook and begins to cook,0.7878787878787878
100,i put some chili powder to create a sweet flavor,i put some chili powder to create a spicy flavor,0.79
102,she begins working for relaxation,she begins reading for relaxation,0.7843137254901961
103,people usually work on sundays,people usually rest on sundays,0.7864077669902912
104,santa claus pretends to be a parent to give children presents,parents pretend to be santa claus to give children presents,0.7884615384615384
105,he buys something to eat from the convenient store,he sells something to eat to the convenient store,0.7904761904761904
106,he gives the driver a gift to thank him for a free ride,he killed the driver to thank him for a free ride,0.7924528301886793
107,she feels ill and goes to see a doctor,she feels ill and goes to see a teacher,0.794392523364486
108,i buy a cd to listen to the latest songs,i buy a cd to listen to the latest advertisements,0.7962962962962963
109,it takes me 3 seconds to read the book,it takes me 3 days to read the book,0.7981651376146789
110,he is allergic to cats so he keeps a dog as a pet,he is allergic to cats so he keeps a cat as a pet,0.8
113,a bird beats its wings and flies off,a plane beats its wings and flies off,0.7876106194690266
115,people lived in houses made of wood in the past,people lived in houses made of wool in the past,0.782608695652174
117,the regular meeting is held at 2 o'clock in the morning,the regular meeting is held at 2 o'clock in the afternoon,0.7777777777777778
118,"cool the drink with some ice, please","heat the drink with some ice, please",0.7796610169491526
119,i eat apples because of my illness,i take medicine because of my illness,0.7815126050420168
120,he catches a subway train in a subway stop,he catches a subway train in a bus stop,0.7833333333333333
122,human beings shake tails to express their happiness,dogs shake tails to express their happiness,0.7786885245901639
123,he had his hair cut at the barber's,he had his hair cut at the butcher's,0.7804878048780488
124,i drink some glass,i drink some water,0.782258064516129
125,tim and mary got married on january 31st,tim and mary got married on february 31st,0.784
126,she writes diaries in a magazine,she writes diaries in a notebook,0.7857142857142857
127,the girl next to mary in the photo is her nephew,the boy next to mary in the photo is her nephew,0.7874015748031497
128,i spend a dollar to buy a diamond ring,i spend a thousand dollars to buy a diamond ring,0.7890625
129,cinderella lives a hard life before she meets the prince,cinderella lives a happy life before she meets the prince,0.7906976744186046
130,children take music classes in the gym,children take music classes in the music room,0.7923076923076923
131,obama has served as president of the usa for twelve years,obama has served as president of the usa for eight years,0.7938931297709924
132,children like flying kites in the spring,children like flying planes in the spring,0.7954545454545454
134,it is snowy and very hot outside,it is snowy and very cold outside,0.7910447761194029
135,the car stops at the green light,the car stops at the red light,0.7925925925925926
137,trump was emperor of the usa in 2018,trump was president of the usa in 2018,0.7883211678832117
138,he puts the radio next to his mouth to hear more clearly,he puts the radio next to his ear to hear more clearly,0.7898550724637681
139,he is fined for vandalizing cultural heritages,he is honored for vandalizing cultural heritages,0.7913669064748201
140,i buy a toy for my small brother for a shell,i buy a toy for my small brother for a dollar,0.7928571428571428
142,it is a pity that she only comes the second in the competition,it is a pity that she only comes the first in the competition,0.7887323943661971
144,the taj mahal is made of white marbles,the taj mahal is made of white maples,0.7847222222222222
145,they speak in english in order to communicate with each other,they speak in c++ in order to communicate with each other,0.7862068965517242
146,stephen william hawking was a great actor,stephen william hawking was a great scientist,0.7876712328767124
147,it is really painful for a mother to give birth to her baby,it is really painful for a father to give birth to his baby,0.7891156462585034
148,they sleep in a hotel while camping in the forest,they sleep in a tent while camping in the forest,0.7905405405405406
149,i water my mp3 player two times a week,i charge my mp3 player two times a week,0.7919463087248322
150,mongolia is mass surrounded by water,the uk is mass surrounded by water,0.7933333333333333
151,she wears glasses because of nearsightedness,she wears clothes because of nearsightedness,0.7947019867549668
152,tim buys a lock to prevent his bike from being stolen,tim buys a pair of socks to prevent his bike from being stolen,0.7960526315789473
153,the doctor treats his patients carefully,the cook treats his patients carefully,0.7973856209150327
154,the titanic struck an iceberg and sank,the titanic struck a life buoy and sank,0.7987012987012987
155,he paints the ceiling with cola,he paints the ceiling with paints,0.8
156,she writes to her pen pal because they cannot meet each other,she writes to her pen pal because they meet each other every day,0.8012820512820513
157,a lemon tastes sour when it goes bad,milk tastes sour when it goes bad,0.802547770700637
158,pumpkins can be made into delicious dishes for people to eat,pumpkins can be made into carriages for people to ride on,0.8037974683544303
159,she is cut by a knife accidentally,she is cut by a carpet accidentally,0.8050314465408805
161,people burnt ice for warmth th the past,people burnt coals for warmth in the past,0.8012422360248447
164,i will pick you up at the bus stop,i will pick you up on the cd disk,0.7926829268292683
165,we had lunch together on march 33rd,we had lunch together on march 31st,0.793939393939394
166,he practices running on the playground every morning,he practices running on noodles every morning,0.7951807228915663
167,the dog sits there without even a woof,the dog sits there without even a mew,0.7964071856287425
169,she rides a bike to work,she rides a chair to work,0.7928994082840237
170,he writes his homework on the dew,he writes his homework on the notebook,0.7941176470588235
171,a rabbit likes eating meat,a rabbit likes eating carrots,0.7953216374269005
172,the lake will be frozen in winter,the lake will be frozen in summer,0.7965116279069767
173,she washes her computer with warm water,she washes her clothes with warm water,0.7976878612716763
174,i cut a piece of cloth with chopsticks,i cut a piece of cloth with scissors,0.7988505747126436
175,mary adds some detergent to her bread,mary adds some butter to her bread,0.8
176,i am preparing for the trip tomorrow,i am preparing for the trip yesterday,0.8011363636363636
177,i begin walking as soon as the light turns green,i begin walking as soon as the light turns purple,0.8022598870056498
178,i drink coke with a chopstick,i drink coke with a straw,0.8033707865168539
179,the cat enjoys playing knitting wool,the knitting wool enjoys playing cats,0.8044692737430168
180,she takes attractive selfies with her smartphone,she takes attractive selfies with her headphone,0.8055555555555556
181,i buy a boyfriend for my sister,i buy a ring for my sister,0.8066298342541437
182,his father got angry because he failed the math exam,his father got excited because he failed the math exam,0.8076923076923077
183,i go to the museum to see paintings painted by famous artists,i go to the museum to get my clothes cleaned,0.8087431693989071
184,bob bought chocolate for his enemy on valentine's day,bob bought chocolate for his girl friend on valentine's day,0.8097826086956522
185,french fries are made of potatoes,french fries are made of oranges,0.8108108108108109
186,mars is the most suitable homeland for human beings,earth is the most suitable homeland for human beings,0.8118279569892473
188,i'm thirsty so i drink freshwater,i'm thirsty so i drink seawater,0.8085106382978723
189,alice is running on a playground,alice is running on the sea,0.8095238095238095
190,bob looks painful because he hurts his fingers,bob looks delightful because he hurts his fingers,0.8105263157894737
193,i graduated from college at the age of 22,i graduated from college at the age of 3,0.8031088082901554
194,bears stay in caves during hibernation,bears stay underwater during hibernation,0.8041237113402062
197,dogs can feed blood to their young ones,dogs can feed milk to their young ones,0.7969543147208121
198,frank goes to the bank to save people,frank goes to the bank to save money,0.797979797979798
199,jack can read books before learning basic words,jack can read books after learning basic words,0.7989949748743719
200,kids fly kites in a windless day,kids fly kites in a windy day,0.8
201,people get together to celebrate on christmas eve,people get together to fight on christmas eve,0.8009950248756219
202,jason put a tea bag into his cup to make a cup of coffee,jason put a tea bag into his cup to make a cup of tea,0.801980198019802
203,harry feels grieved seeing his old friends,harry feels pleased seeing his old friends,0.8029556650246306
204,gloria determines to lose weight so she eats less,gloria determines to lose weight so she eats more,0.803921568627451
205,"saying ""goodbye"", he walked out of the classroom and went home","saying ""hello"", he walked out of the classroom and went home",0.8048780487804879
206,danis put his clothes into the washing machine,danis put his smartphone into the washing machine,0.8058252427184466
207,billy rides a horse to cross the bridge,billy rides an ant to cross the bridge,0.8067632850241546
209,george put a broom in his mouth to brush teeth,george put a toothbrush in his mouth to brush teeth,0.8038277511961722
210,i closed my mouth against the bright light,i closed my eyes against the bright light,0.8047619047619048
213,fitz uses a pen to open the lock,fitz uses a key to open the lock,0.7981220657276995
214,frank had s stomachache so he drank more cold water,frank had a stomachache so he drank more hot water,0.7990654205607477
216,henry flew to the usa sitting in a car,henry flew to the usa sitting in an airplane,0.7962962962962963
219,the solar system is located in earth,earth is located in the solar system,0.7899543378995434
220,"when you smile at others, they will smile at you","when you smile at others, they will cry to you",0.7909090909090909
221,"his favorite color is purple, the same color as the sky","his favorite color is blue, the same color as the sky",0.7918552036199095
222,jenny ordered a hot dog in a pet store,jenny ordered a hot dog in a restaurant,0.7927927927927928
223,i dried my hair before using shampoo,i wet my hair before using shampoo,0.7937219730941704
224,the man in black cured him with a bullet,the man in black killed him with a bullet,0.7946428571428571
226,elisa was terrified bitten by a snake,elisa was terrified bitten by a book,0.7920353982300885
227,"in the dark, i turn on the light to read a book","in the dark, i turn off the light to read a book",0.7929515418502202
228,atlantic is the biggest continent in the world,asia is the biggest continent in the world,0.793859649122807
230,riko drops a steel cup from the desk and the cup breaks into pieces,riko drops a glass cup from the desk and the cup breaks into pieces,0.7913043478260869
231,human will starve to death without eating,human will get eventually out of power if they are unplugged,0.7922077922077922
232,she decided to eat more healthy foods like hamburgers,she decided to eat more healthy foods like vegetables,0.7931034482758621
234,chloe got distracted when she was bored,chloe got concentrated when she was bored,0.7905982905982906
235,he got a cold and coughed from time to time,he got a cold and laughed from time to time,0.7914893617021277
236,mark ate a big bitter cherry pie,mark ate a big sweet cherry pie,0.7923728813559322
237,gloria wears a hat on her head,gloria wears a cat on her head,0.7932489451476793
239,reilly is sleeping on the couch,reilly is sleeping on the window,0.7907949790794979
240,i have a lamp on my desk,i have a desk on my lamp,0.7916666666666666
241,eric stalled for a while so we ended up late,eric stalled for a while so we ended up early,0.7925311203319502
242,mark called his friends with his telephone,mark called his friends with his pencil,0.7933884297520661
243,my friend is cooking a meal on a stove,my friend is cooking a meal on a stone,0.7942386831275721
244,riko made a cup of banana milkshake with apples and milk,riko made a cup of banana milkshake with bananas and milk,0.7950819672131147
245,my mother was preparing breakfast when i woke up in the morning,my mother was preparing dinner when i woke up in the morning,0.7959183673469388
246,mike drank too much wine so he feels sleepy now,mike drank too much wine so he feels sober now,0.7967479674796748
247,my mother went to a dentist to check her teeth,my mother went to an artist to check her teeth,0.7975708502024291
250,being involved in a car accident can ease your life,being involved in a car accident can ruin your life,0.792
252,harry was terrified because of the nightmare,harry was relaxed because of the nightmare,0.7896825396825397
253,astrid kissed him out of pure love,astrid kissed him out of pure hatred,0.7905138339920948
254,his son took the school bus to go to school,his son took the school bus to go to work,0.7913385826771654
255,throwing stones at cats is treating them badly,throwing stones at cats is treating them nicely,0.792156862745098
256,society demands reward for criminals,society demands penalty for criminals,0.79296875
257,he saw a car floating at sea,he saw a ship floating at sea,0.7937743190661478
258,people can buy apples at a fruit shop,people can buy potatoes at a fruit shop,0.7945736434108527
259,i should take off my trousers when swimming,i should take off my underpants when swimming,0.7953667953667953
260,my daughter needs bra after growing up,my son needs bra after growing up,0.7961538461538461
262,if you feel cool you may sweat,if you feel hot you may sweat,0.7938931297709924
263,i go to school for playing the computer game,i go to school for learning,0.7946768060836502
266,i see a student chatting with my son,i see a mute chatting with my son,0.7894736842105263
268,i see a cripple running,i see a man running,0.7873134328358209
269,i saw an egg walk on the road,i saw a chick walk on the road,0.7881040892193308
271,i go to school with a laptop,i go to school with a desktop computer,0.7859778597785978
273,i travel to the united states by plane,i travel to the united states by rocket,0.7838827838827839
274,we should borrow things after returning them,we should return things after borrowing them,0.7846715328467153
275,i want to have light food such as steaks,i want to have light food such as potatoes,0.7854545454545454
276,i like swimming in the river,i like swimming in the hole,0.7862318840579711
277,i want world peace,i want world war,0.7870036101083032
278,a snowman will exist forever,a snowman won't exist forever,0.7877697841726619
279,i like his toy so i can grab it,i like his toy but i can't grab it,0.7885304659498208
280,patients are cured by nurses,patients are cured by doctors,0.7892857142857143
281,teachers can help you do homework,flowers can help you do homework,0.7900355871886121
282,we should eat more sugar to protect teeth,we should eat less sugar to protect teeth,0.7907801418439716
283,we should take the ice when we catch a cold,we should take medicine when we catch a cold,0.7915194346289752
284,in winter people wear more clothes than in summer,in summer people wear more clothes than in winter,0.7922535211267606
285,we can skate on snow,we can skate on the ice,0.7929824561403509
286,we can eat dirt,we can't eat dirt,0.7937062937062938
288,if we are going to be late we should walk,if we are going to be late we should run,0.7916666666666666
290,i see a boy playing a computer,i see a dog playing a computer,0.7896551724137931
293,"on mars, there have many countries","on mars, there are no metropolitan areas",0.7849829351535836
294,a student can learn how to read,a student can't learn his course,0.7857142857142857
295,everyone needs to eat,someone can live who don't eat anything,0.7864406779661017
296,an owl can see on a dark night,a man can see on a dark night,0.7871621621621622
297,it is always cold in january in the northern earth,it is always cold in july in the northern earth,0.7878787878787878
299,cancer is a disease,cancer can bring happiness to us,0.7859531772575251
300,people can feel pain,people can only feel happiness,0.7866666666666666
301,fish can live in a land without water,fish need water to live,0.7873754152823921
302,computers can eat food,computers are powered by electricity,0.7880794701986755
303,everyone lives in the country,some people live in the country,0.7887788778877888
304,people are able to cheat,people are only able to be honest,0.7894736842105263
307,families shouldn't visit relatives during the holidays,families should visit relatives during the workdays,0.7850162866449512
308,i can hold up a car,i can hold up a can of soda,0.7857142857142857
309,everyone is good-looking,most people want to be good-looking,0.7864077669902912
311,a puzzle can be solved easily,a puzzle is a challenge,0.7845659163987139
312,a cord can be used for treatment,a cord can be used for tying things together,0.7852564102564102
313,you can take an airplane to visit england,you can take your airplane to visit mars,0.7859424920127795
315,ireland is a country,ireland is a planet,0.7841269841269841
316,a person doesn't want moldy bread,a person want moldy bread,0.7848101265822784
317,oil comes from the air,oil comes from the ground,0.7854889589905363
320,you would sleep because you want to rest,you would dance because you want to rest,0.78125
321,if you want to go to school then you should pay your fees,if you want to go to work then you should pay your fees,0.7819314641744548
322,i see a cat eating a fish,i see a sheep eating a fish,0.782608695652174
323,my dad's dad is my grandma,my dad's dad is my grandpa,0.7832817337461301
324,eating is an emotion between people,love is an emotion between people,0.7839506172839507
327,most birds include penguins can fly,most birds other than penguins can fly,0.7798165137614679
330,people feel pleasure while kissing,people feel sick while kissing,0.7757575757575758
333,we wear thick clothes in winter,we wear thin clothes in winter,0.7717717717717718
334,we can see white clouds and dark clouds in the air,we can only see white clouds in the air,0.7724550898203593
335,i lie on a hamburger in my room,i eat a hamburger in my room,0.7731343283582089
336,people usually use wood to put out a fire,people usually use water to put out a fire,0.7738095238095238
337,people plant seeds and then harvest fruits,people can harvest fruits without planting seeds,0.7744807121661721
339,people can play the violin without learning,people can play the violin after learning the violin,0.7728613569321534
340,no one can learn from books,people can learn something from books,0.7735294117647059
341,most of the leaves are red,most of the leaves are green,0.7741935483870968
342,i will celebrate the failure of the game,i will celebrate the victory of the game,0.7748538011695907
343,i will have a trip to a police office,i will have a trip to a theme park,0.7755102040816326
344,i should sleep at night,i should study during whole night,0.7761627906976745
346,i saw a baby holding a woman.,i saw a woman holding a baby.,0.7745664739884393
347,today i will have lunch before breakfast.,today i will have breakfast before lunch.,0.7752161383285303
349,i saw a round pizza.,i saw a square pizza.,0.7736389684813754
350,i saw an island on land.,i saw an island in the sea.,0.7742857142857142
352,we cut down trees to protect the environment,we plant trees to protect the environment,0.7727272727272727
355,i can use the money to buy some houses,i can use the money to buy all houses,0.7690140845070422
356,dogs are animals,a stone is an animal,0.7696629213483146
357,we communicate in the same language,we communicate in different languages,0.7703081232492998
358,dogs like eating meat,dogs like eating grass,0.770949720670391
359,i saw a man wearing glasses of two lens.,i saw a man wearing glasses of three lens,0.7715877437325905
360,i will cry if my family is dead,i will laugh if my family is dead,0.7722222222222223
361,a man should not play with violent tigers,a man should play with violent tigers,0.7728531855955678
363,i am unhappy because i am poor,i am happy because i am poor,0.7713498622589532
364,i like cakes because i like salty food,i like cakes because i have a sweet tooth,0.771978021978022
367,i need to eat fruits and vegetables to keep healthy.,eating fruits and vegetables makes me fat,0.7683923705722071
368,"she likes flowers, so i send her roses.","she doesn't like flowers, so i send her roses.",0.7690217391304348
370,he lay under the apple tree.,he lay under the watermelon tree,0.7675675675675676
371,today i will go to my hometowns,today i will go to my hometown,0.7681940700808625
372,my blood type is the same as some people.,my blood type is the same as everyone.,0.7688172043010753
375,i use computers to play computer games.,i use calculators to play computer games.,0.7653333333333333
378,if you want to take a walk then you should wear shoes,if you want to take a walk then you should wear a hat,0.7619047619047619
380,i use the refrigerator to keep food.,i use the refrigerator to cook food.,0.7605263157894737
382,he put the stone in his hand.,he put the fire in his hand.,0.7591623036649214
383,you may always find a computer user in a wine bar,you may find a computer user in a computer lab,0.7597911227154047
384,people can surf on the water.,people usually sleep on the water.,0.7604166666666666
385,if you want to walk on the street then you should have money,if you want to go to a restaurant then you should have money,0.7610389610389611
386,pushing a bike requires much strength,pushing a car requires much strength,0.7616580310880829
387,ennui would make you want to see a film,ennui would make you become happy,0.7622739018087855
388,something you find at a house is a fighter plane,something you find at a military base is a fighter plane,0.7628865979381443
392,a child will be a child forever,a child can become an adult,0.7576530612244898
393,batteries can power a lantern forever,batteries can power a lantern,0.7582697201017812
394,a drought happens when insufficient rain falls,a drought happens when excessive rain falls,0.7588832487309645
395,if you want to have a haircut then you should go to a library,if you want to have a haircut then you should go to a hair salon,0.759493670886076
396,if you want to read a book then you should get it from the library,if you want to read a book then you should get it from the restaurant,0.76010101010101
397,the effect of attending a classical concert is falling asleep,the effect of attending a classical concert is impetuous,0.760705289672544
398,something that might happen when you diminish your own hunger is eat,something that might happen when you diminish your own hunger is taking exercise,0.7613065326633166
400,going on strike is for winning concessions from employers,going on strike is for having fun,0.76
401,a person is anxious for undesired things,a person doesn't want undesired things,0.7605985037406484
402,you are likely to find a grape in a fruit bowl,you are likely to find a potato in a fruit bowl,0.7611940298507462
403,something you find in downtown is a volcano,something you find in downtown is a police station,0.7617866004962779
406,taking a walk is good for health in general,taking a walk is harmful to health in general,0.7586206896551724
407,people usually eat fresh bread,people usually eat moldy bread,0.7592137592137592
408,people can make friends in clubs,people can't make friends in clubs,0.7598039215686274
409,he is a thrifty man and he often wastes food,he is a wasteful man and he often wastes food,0.7603911980440098
410,he was very energetic because he stayed up late last night,he was very tired because he stayed up late last night,0.7609756097560976
411,he goes to the cinema to watch animals,he goes to the cinema to watch movies,0.7615571776155717
412,students usually play their mobile phones in class time,students usually listen to their teachers in class time,0.7621359223300971
413,we make cakes with butter and wood,we make cakes with butter and fruit,0.7627118644067796
414,many people will die in war,no one will die in war,0.7632850241545893
416,cowardly people hate horror movies,cowardly people love horror movies,0.7620192307692307
418,he washes clothes in a washing machine,he washes potatoes in a washing machine,0.7607655502392344
420,people like to wear wet clothes,people like to wear dry clothes,0.7595238095238095
421,he is younger than his father,he is older than his father,0.7600950118764845
422,people can read books in the library,people can speak loudly in the library,0.7606635071090048
426,you might feel irritated when you're stuck in traffic,you might feel happy when you're stuck in traffic,0.755868544600939
427,we will get pins and needles from sitting or standing for long periods of time,we will feel relaxed from sitting or standing for long periods of time,0.7564402810304449
429,the sea is salty and bitter,the sea is sweet,0.7552447552447552
430,fireflies can make light,fireflies are usually annoying,0.7558139534883721
432,hail comes in the warm season,hail comes in winter,0.7546296296296297
434,breathing through the nose is healthy,breathing through the mouse is healthy,0.7534562211981567
435,you can't eat sprouted potatoes,you can eat sprouted potatoes,0.7540229885057471
437,vitamin c should not be eaten with seafood,vitamin c can be eaten with seafood,0.7528604118993135
438,smoking is not allowed in public places,smoking is allowed in public places,0.7534246575342466
439,children need eight hours of sleep every day,children need four hours of sleep every day,0.7539863325740319
440,ears can smell,ears can hear sounds,0.7545454545454545
444,eating fruits is good for health,eating fruits is bad for health,0.75
445,children need to drink milk before going to school,children need to drink beer before going to school,0.750561797752809
446,i play football every day because i love playing football,i play football every day because i love playing computer games,0.7511210762331838
447,"it is rainy, so we can play football outside","it is sunny, so we can play football outside",0.7516778523489933
448,students have to take notes in class,students have to copy homework in class,0.7522321428571429
449,tokyo is in china,tokyo is in japan,0.7527839643652561
450,"in the evening, i will eat dinner","in the evening, i will eat breakfast",0.7533333333333333
452,birds live in the ocean,birds live in forests,0.7522123893805309
453,there are different kinds of trees in the ocean,there are different kinds of trees in the forest,0.7527593818984547
454,i take a television to school every day,i take a mobile phone to school every day,0.7533039647577092
455,"the bag is too weighty, so i cannot hold it","the bag is too light, so i cannot hold it",0.7538461538461538
456,i am ill so i need to see an actor,i am ill so i need to see a doctor,0.7543859649122807
457,i work hard so i fail the exam finally,i work hard so i pass the exam finally,0.7549234135667396
458,i finished my work late last night so i am energetic now,i finished my work early last night so i am energetic now,0.7554585152838428
460,i get up too early so i will be late for school,i get up too late so i will be late for school,0.7543478260869565
461,i am hungry now so i am going to a restaurant,i am hungry now so i am going to a hospital,0.754880694143167
462,the food tastes awful so i want to eat it again,the food tastes good so i want to eat it again,0.7554112554112554
463,most grasses are green,most grasses are black,0.755939524838013
464,we meet snakes in the forest,we meet whales in the forest,0.7564655172413793
465,he put out the fire with oil,he put out the fire with water,0.7569892473118279
467,there is a blackboard in the front of the classroom,there is a sea in the front of the classroom,0.7558886509635975
468,we take photos of snowflakes in winter,we take photos of willow catkins in winter,0.7564102564102564
470,they feel colder after the snow,they feel warmer after the snow,0.7553191489361702
471,he cut metal with scissors,he cut the paper with scissors,0.7558386411889597
472,my family fly kites on sunny days,my family fly kites on rainy days,0.7563559322033898
476,the cat caught a mouse,the cat caught a tiger,0.7521008403361344
477,some birds are flying in the sky,some fish are flying in the sky,0.7526205450733753
478,he built a snowman on a winter day,he built a snowman on a summer day,0.7531380753138075
482,thirst would make you want to sleep,thirst would make you want to drink water,0.7489626556016598
485,close relatives are not usually allowed to marry,close relatives can marry,0.7463917525773196
487,the color of animal blood includes not only red,the color of animal blood includes only red,0.7453798767967146
489,many insects have a sense of smell,all insects have no sense of smell,0.7443762781186094
491,the turtle usually lives very short,the turtle usually lives a long time,0.7433808553971487
492,the leaves of many trees fall in autumn,leaves grow on trees forever,0.7439024390243902
495,silverware is good for food,silverware is bad for food,0.7414141414141414
496,the seawater is blue,the seawater is colorless and transparent,0.7419354838709677
497,mineral water is drinkable,seawater is drinkable,0.7424547283702213
499,human tears are generally sweet,human tears are usually salty,0.7414829659318637
502,wild geese fly south in winter in the northern hemisphere,wild geese fly north in winter in the northern hemisphere,0.7390438247011952
504,there may be a rainbow after the rain,there may be more polluted after the rain,0.7380952380952381
505,paralympic games are for the disabled,the olympic games for the disabled,0.7386138613861386
507,when it snows it isn't cold,when it snows it is cold,0.73767258382643
508,i am born in china so i am chinese,i am born in japan so i am chinese,0.7381889763779528
510,a car is a kind of motor vehicle,a car is a kind of animal,0.7372549019607844
512,if you want to go on the internet then you should buy a computer,if you want to go on the internet then you should buy a book,0.736328125
513,christmas is the twelfth month of the year,christmas is the thirteenth month of the year,0.7368421052631579
514,we can judge whether one can buy a beer by his age,we can judge whether one can buy a beer by his height,0.7373540856031129
515,peace brings suffering,war brings suffering,0.7378640776699029
516,parents love their kids,parents hate their kids,0.7383720930232558
519,i love music so i play the piano every day,i love music so i play basketball every day,0.7360308285163777
520,raincoats are used on rainy days,raincoats are used on sunny days,0.7365384615384616
521,nurses teach students,teachers teach students,0.7370441458733206
523,we develop our friendship by chatting with each other,we develop our friendship by fighting with each other,0.7361376673040153
524,an eraser can be used to write on paper,a pen can be used to write on paper,0.7366412213740458
525,i sang at the party,i study at the party,0.7371428571428571
528,ears are for listening,ears are for seeing,0.7348484848484849
529,i talk to english native speakers to improve my english speaking,i talk to chinese native speakers to improve my english speaking,0.7353497164461248
530,the words are so big that i cannot read them clearly,the words are so small that i cannot read them clearly,0.7358490566037735
531,i run every day to exercise,i sleep every day to exercise,0.736346516007533
532,i ran so fast that i won the championship,i ran so slowly that i won the championship,0.7368421052631579
533,comedy makes me laugh,tragedy makes me laugh,0.7373358348968105
534,i like mathematics so i majored in mathematics,i like art so i majored in mathematics,0.7378277153558053
537,the paper is made from wood,the paper is made from soil,0.7355679702048417
539,a rabbit can eat a frog,a rabbit can eat a carrot,0.7346938775510204
542,it's possible to ski in russia,it's possible to ski in sahara,0.7324723247232472
543,smuggling drugs is a nasty business,smuggling drugs will be commended,0.7329650092081031
545,it costs very little to buy gold,it costs a lot of money to buy gold,0.7321100917431193
546,if you want to sew then you should get a gun,if you want to sew then you should get a needle,0.7326007326007326
548,"when you are near-sighted, you can't see things near at hand","when you are near-sighted, you can't see things far away",0.7317518248175182
550,the clothes will be clean after being washed,the clothes will be dirty after being washed,0.730909090909091
551,we can just wait for their self-healing after we break our legs,we usually go to the hospital after we break our legs,0.7313974591651543
552,being sedentary is a good thing,being sedentary is not a good thing,0.7318840579710145
553,a dog usually bite strangers when it sees them,a dog usually bite acquaintances when it sees them,0.7323688969258589
554,ripe apples are hot,ripe apples are sweet,0.7328519855595668
556,people usually don't use pillows when they sleep,people usually use pillows when they sleep,0.7320143884892086
559,people usually wash their hair with shampoo,people usually wash their hair with toothpaste,0.7298747763864043
561,people usually sit in chairs,people usually lie on chairs,0.7290552584670231
562,i opened the wardrobe to illuminate the room,i turn on the light to illuminate the room,0.7295373665480427
563,men usually use lipstick,women usually use lipstick,0.7300177619893428
564,vegetarian usually like eating meat,vegetarian usually don't eat meat,0.7304964539007093
565,dogs can eat chocolate,dogs can eat meat,0.7309734513274336
569,people usually can't smell the fragrance of jasmine,people usually can't smell the fragrance of grass,0.7275922671353251
571,people can't take drugs at will,people can take drugs at will,0.7267950963222417
574,students should do homework,students shouldn't do homework,0.7247386759581882
575,most people are afraid of snakes,most people like snakes,0.7252173913043478
576,i have the same name as him,i have the same fingerprints as him,0.7256944444444444
577,anyone can be a marathoner,only the male can be a marathoner,0.7261698440207972
578,people can't find others lying,people can find others lying sometimes,0.726643598615917
580,we can hurt others at will,we can't hurt others at will,0.7258620689655172
583,a chair usually has four legs,a chair usually has three legs,0.7238421955403087
585,we put the clothes in the washing machine,we put food in the washing machine,0.7230769230769231
586,hot dogs are not dogs,hot dogs are dogs,0.7235494880546075
590,i take an ax to cut wood,i take a sickle to cut wood,0.7203389830508474
591,burning garbage makes the environment better,burning garbage makes the environment worse,0.7208121827411168
592,the sun ceases to shine at night,the sun shines all the time,0.7212837837837838
595,you can use the air conditioner without electricity,you can't use the air conditioner without electricity,0.719327731092437
597,trees can have no bark,a tree cannot live without its bark,0.7185929648241206
600,most people don't like mice,most people like mice,0.7166666666666667
605,ugly boys are more likely to find girlfriends,handsome boys are more likely to find girlfriends,0.7123966942148761
606,when we get sick we go to school,when we get sick we go to the hospital,0.7128712871287128
607,"when we want to listen to the song, we can use a usb plate",when we want to listen to the song we can use an mp3,0.71334431630972
608,we can observe a star with a telescope,we can observe a star with a microscope,0.7138157894736842
609,fire is common in the sea,water is common in the sea,0.7142857142857143
613,"when something breaks, we can glue them with water","when something breaks, we can glue them with glue",0.7112561174551386
615,all flowers have fragrance,some flowers have no fragrance.,0.7105691056910569
618,apple juice is made of bananas,apple juice is made of apples,0.7087378640776699
620,a baton is used for playing music,a flute is used for playing music,0.7080645161290322
622,clouds come in all kinds of colors,clouds have no color,0.707395498392283
624,i go to work to earn money,i go to work to earn time,0.7067307692307693
625,my hair is too short so i need a haircut,my hair is too long so i need a haircut,0.7072
627,i'm grazing tigers,i'm grazing cows,0.7065390749601276
629,a bed is a comfortable place to sleep,a table is a comfortable place to sleep,0.7058823529411765
630,something you find at the airport is an airplane,something you find at the airport is a ship,0.7063492063492064
632,smoking is good,smoking is bad,0.7056962025316456
633,i will confirm my email through my computer,i will confirm my email through my radio,0.7061611374407583
634,air is free,air is charged,0.7066246056782335
636,there is ink in the pen so we can write,there is water in the pen so we can write,0.7059748427672956
637,i like european culture because i traveled to canada last year,i like european culture because i traveled to england last year,0.706436420722135
638,the last thing you do when you visit a museum is buying a ticket,the first thing you do when you visit a museum is buying a ticket,0.7068965517241379
639,many people can feel that death is the start of life,many people can feel that death is the end of life,0.7073552425665102
640,a pig is an animal,an apple is an animal,0.7078125
641,television is a device you use to contact people,a telephone is a device you use to contact people,0.7082683307332294
643,a person wants to buy ugly things,a person wants to buy nice things,0.7076205287713841
644,a joke can make you laugh,a joke can make you cry,0.7080745341614907
645,a ruler can be used to cut things,a knife can be used to cut things,0.7085271317829457
646,the snow is wet,the snow is dry,0.7089783281733746
648,the universe is very small,the universe is very large,0.7083333333333334
649,car engines can use oil,car engines can use air,0.7087827426810478
650,time is changing,time is static,0.7092307692307692
651,the car is driving slowly on the highway,the car is driving fast on the highway,0.7096774193548387
652,wallets can be used to put computers.,wallets can be used to put money.,0.7101226993865031
653,college is usually free,college usually requires tuition fees,0.7105666156202144
655,eating too much often makes people fat,eating too much often makes people thin,0.7099236641221374
656,music is usually loved by people,music is usually hated by people,0.7103658536585366
657,people usually drink white milk,people usually drink black milk,0.710806697108067
658,we can see dinosaurs playing with people,we can see dogs playing with people,0.7112462006079028
659,we can visit the website through books,we can visit websites through computers,0.7116843702579666
660,we can write on paper with a pen,we can write on paper with an eraser,0.7121212121212122
661,children usually like toys,adults usually like toys,0.7125567322239031
662,we can buy human in the supermarket,we can buy snacks in the supermarket,0.7129909365558912
663,humans usually hate viruses,humans usually like viruses,0.7134238310708899
664,those who break the law will be rewarded,those who break the law will be punished,0.713855421686747
665,people usually need to sleep,people usually don't need to sleep,0.7142857142857143
667,most modern houses are made of concrete,most modern houses are made of wood,0.7136431784107946
668,people should wear seatbelts when driving,people can't wear seatbelts when driving,0.7140718562874252
669,people are usually afraid of sharks,people usually like sharks,0.7144992526158446
670,alarm clocks usually help people fall asleep,alarm clocks usually help people get up,0.7149253731343284
671,people usually hold umbrellas on cloudy days,people usually hold umbrellas on rainy days,0.7153502235469449
672,thieves are glad of seeing the police,thieves are afraid of seeing the police,0.7157738095238095
673,"he wore a ring on his ring finger, but he was single",he wore a ring on his ring finger and he was married,0.7161961367013373
675,people can drink seawater when they are thirsty,people can drink water when they are thirsty,0.7155555555555555
676,people use electric fans when they are hot,people use electric fans when they are cold,0.7159763313609467
678,students should be indulged in games,students may be indulged in games,0.7153392330383481
679,dogs can help police search for drugs,cats can help police search for drugs,0.7157584683357879
683,it's easy for people to find gems,it's hard for people to find gems,0.7130307467057101
685,we can't see salt in water,we can see salt in water,0.7124087591240876
686,most people hate cats,most people like cats,0.7128279883381924
687,we can see blood in human's wounds,we cannot see blood in human's wounds,0.7132459970887919
689,sheepherders usually feed sheep with meat,sheepherders usually feed sheep with grass,0.7126269956458636
690,people shouldn't add gasoline to cars,people can add gasoline to cars,0.7130434782608696
692,spending money is to get happiness,spending money is to get sadness,0.7124277456647399
693,tulip is my favorite flower,willow is my favorite flower,0.7128427128427128
694,this area is dangerous so you have to be careful,this area is dangerous so you have to be careless,0.7132564841498559
695,the first thing you do when you eat something is opening your mouth,the first thing you do when you eat something is closing your mouth,0.7136690647482015
696,he is seventy years old so it is time for him to retire,he is thirty years old so it is time for him to retire,0.7140804597701149
697,paper can be used to make musical instruments,metal can be used to make musical instruments,0.7144906743185079
698,musical instruments can be used to play baseball,musical instruments can be used to perform music,0.7148997134670487
699,what you see in the room is a cat,what you see in the room is a giraffe,0.7153075822603719
700,tokyo is one of the largest countries in the world,china is one of the largest countries in the world,0.7157142857142857
702,a church is a place where people sleep,a church is a place where people pray,0.7150997150997151
703,paper can be made from wood,paper can be made from sand,0.7155049786628734
706,people celebrate on the day of death,people celebrate on the day of birth,0.7138810198300283
707,most people look forward to a funeral someday,most people look forward to a wedding someday,0.7142857142857143
708,tigers are very common pets,dogs are very common pets,0.7146892655367232
709,pigs are mammals,birds are mammals,0.7150916784203103
710,i wish i had bad luck,i wish i had good luck,0.7154929577464789
711,his house is in the rich area so it is very expensive,his house is in the rich area so it is very cheap,0.7158931082981715
714,your fingers are part of your face,your nose is part of your face,0.7142857142857143
715,the vegetable salad is junk food,french fries are junk food,0.7146853146853147
716,a boy is a male,a girl is a male,0.7150837988826816
717,you would go on a study because you need a break,you would go on a vacation because you need a break,0.7154811715481172
719,water can become ice when it freezes,water can become steam when it freezes,0.7148817802503477
720,the moon is a satellite of the earth,the sun is a satellite of the earth,0.7152777777777778
721,the land is very fertile so the grain grows very well,the land is very barren so the grain grows very well,0.7156726768377254
722,the arctic areas are very cold,the equatorial areas are very cold,0.7160664819944599
724,i am full so i want to eat right away,i am hungry so i want to eat right away,0.7154696132596685
725,somebody is sleeping so we should keep voice up,somebody is sleeping so we should keep voice down,0.7158620689655173
726,people want to have rude neighbors,people want to have friendly neighbors,0.7162534435261708
727,the rich have a lot of money,the poor have a lot of money,0.7166437414030261
728,we should wear formal clothes at work,we should wear formal clothes at home,0.717032967032967
729,our government is very credible so we distrust it very much,our government is very credible so we trust it very much,0.7174211248285323
731,he was so smart that he quickly understood the nature of the problem,he was so stupid that he quickly understood the nature of the problem,0.7168262653898769
732,this restaurant is so popular that it is crowded every day,this restaurant is so unpopular that it is crowded every day,0.7172131147540983
733,you are likely to find a mouse around in any room of the house,you are likely to find a cow around in any room of the house,0.7175989085948158
734,science fiction is not real,autobiography is not real,0.717983651226158
735,gloves can protect the head,hats can protect the head,0.7183673469387755
736,the law allows us to kill people,the law forbids us to kill people,0.71875
737,a fox is a faithful companion,a dog is a faithful companion,0.7191316146540027
738,drinking too much water can make people drunk,drinking too much wine can make people drunk,0.7195121951219512
739,people want a dirty bathroom,people want a clean bathroom,0.7198917456021651
740,i am five years old so i am very old,i am one hundred years old so i am very old,0.7202702702702702
741,you would listen to music because it is enjoyable,you would listen to music because it is torturing,0.7206477732793523
743,a easy job is stressful,a difficult job is stressful,0.7200538358008075
744,i am a left-handed person so i write with my left hand,i am a left-handed person so i write with my right hand,0.7204301075268817
745,my friend broke up with his girlfriend so i should comfort him,my friend broke up with his girlfriend so i should ridicule him,0.7208053691275168
746,something you need to do before you go to bed is turning on the lights,something you need to do before you go to bed is turning off the lights,0.7211796246648794
748,i will travel at the work,i will travel during the holidays,0.7205882352941176
749,we cut meat with a ruler,we cut meat with a knife,0.7209612817089452
750,fisherman depend on fishing for their livelihood,fisherman depend on farming for their livelihood,0.7213333333333334
751,people are in danger when an earthquake happens,people are safe when an earthquake happens,0.7217043941411452
752,we should stay away from volcanoes,we should be close to volcanoes,0.7220744680851063
753,we need to protect the environment,we need to pollute the environment,0.7224435590969456
754,you will have a spouse if you get divorced,you will have a spouse if you get married,0.7228116710875332
755,we need to keep noisy in the museum,we need to keep quiet in the museum,0.7231788079470198
756,i went to the library to borrow books,i went to the restaurant to borrow books,0.7235449735449735
758,i drink milk every day to keep healthy,i drink beer every day to keep healthy,0.7229551451187335
759,you need to fail the exam to get a certification,you need to pass the exam to get a certification,0.7233201581027668
760,we are good friends so we abuse each other,we are good friends so we help each other,0.7236842105263158
761,elephants are quite little animals,mice are quite little animals,0.7240473061760841
763,traveling the world will broaden your horizon,traveling the world will narrow your horizon,0.7234600262123198
764,we play football in the stadium,we play football in my bedroom,0.7238219895287958
765,there are many guests in this restaurant because of its perfect food,there are few guests in this restaurant because of its perfect food,0.7241830065359477
766,we should stand in line when there is a queue,we should cut in line when there is a queue,0.7245430809399478
767,people respect him very much because he is a murderer,people respect him very much because he is a doctor,0.7249022164276402
770,you can use leaves to feed to sloths,you can use meat to feed to sloths,0.7233766233766233
771,he became one of my best friends because he is sincere,he became one of my best friends because he is hypocritical,0.7237354085603113
772,it is useful to read books every day,it is useless to read books every day,0.7240932642487047
773,i am good at swimming because i have always live by the sea,i am good at swimming because i have always live in the desert,0.7244501940491591
774,the people in cities are usually richer than the people in the countryside,the people in cities are usually poorer than the people in the countryside,0.7248062015503876
775,people usually shed tears during exercising,people usually sweat during exercising,0.7251612903225807
776,people usually enter houses through doors,people usually enter houses through windows,0.7255154639175257
779,most people can afford luxury goods,most people can't afford luxury goods,0.72400513478819
780,we need airplanes to go to the moon,we need rockets to go to the moon,0.7243589743589743
781,we can hear voices in the vacuum,we can't hear voices in the vacuum,0.7247119078104993
782,people should throw banana peels in the garbage can,people should throw banana peels on the ground,0.7250639386189258
784,people can't use plants to make paper,people usually use plants to make paper,0.7244897959183674
785,teenagers shouldn't smoke,teenagers should smoke,0.7248407643312101
786,people usually ask a waiter to cook,people usually ask a chef to cook,0.7251908396946565
787,bees usually live in places with few flowers,bees usually live in places with plenty of flowers,0.7255400254129606
790,pianists usually have inflexible fingers,pianists usually have very flexible fingers,0.7240506329113924
792,people can't know what will happen in the future,people usually know what will happen in the future,0.7234848484848485
794,shepherds usually like wolves,shepherds usually hate wolves,0.7229219143576826
797,materialists believe in the existence of jesus,materialists don't believe in the existence of jesus,0.7214554579673776
800,software development requires money,software development doesn't cost money,0.72
801,not all boys like girls on the sexual aspect,all the boys like girls on the sexual aspect,0.7203495630461922
808,in order to protect the trees we should refuse to cut them down,in order to protect the trees we should use less disposable paper towels,0.7153465346534653
809,in ordinary times we can't see the legendary dragon,in ordinary times we can see the legendary dragon,0.715698393077874
810,copying homework is a good thing,copying homework is not a good thing,0.7160493827160493
811,many people go bald as they get older,many people don't go bald as they get older,0.7163995067817509
812,"when we're laughing, we're generally happy","when we're laughing, we are usually sad",0.7167487684729064
813,the cpu is usually the core of a computer,the mouse is usually the core of a computer,0.7170971709717097
814,it's not good to get x-rays frequently,it's good to get x-rays frequently,0.7174447174447175
815,taking too much medicine is a good thing,taking too much medicine is not a good thing,0.7177914110429447
817,when we want to log into a new website we have to register first,when we want to log into a new website it's not necessary to register,0.7172582619339045
818,we feel tired after exercising for a long time,we feel energetic after exercising for a long time,0.71760391198044
819,people usually use water cup to retain meal,people usually use water cup to retain water,0.717948717948718
820,the doctor usually goes to the hospital because they are sick,the patient usually goes to the hospital because they are sick,0.7182926829268292
821,when people encounter robbers they will call the police,when people encounter robbers they will call ambulances,0.7186358099878197
822,people can play on the highway,people can play on the playground,0.718978102189781
823,people can't ask a guide for help when they travel,people can ask a guide for help when they travel,0.7193195625759417
824,people can eat a lot of junk food,people can't eat a lot of junk food,0.7196601941747572
829,people usually wear clothes made of wood,people usually wear clothes made of cotton,0.7165259348612787
830,people can send letters with pigeons,people can't send letters with pigeons,0.7168674698795181
831,people shouldn't eat a lot of sugar,people should eat a lot of sugar,0.717208182912154
832,it's easy for people without hearts to survive,it's hard for people without hearts to survive,0.7175480769230769
833,humans are usually cautious of wild tigers,humans are usually casual to wild tigers,0.7178871548619448
834,snakes usually eat mice or birds,snakes usually eat elephants,0.7182254196642686
835,most roads have trees beside them,most roads have no trees beside them,0.718562874251497
840,people shouldn't feed monkeys bananas,people usually feed monkeys bananas,0.7154761904761905
841,people usually wear sunglasses on sunny days,people usually wear sunglasses on rainy days,0.7158145065398336
842,people usually knock at the door before entering,people usually don't knock at the door before entering,0.7161520190023754
843,people usually grab crab forceps,people usually grab the crab's back,0.7164887307236062
844,grass usually grows in spring,grass usually grows in winter,0.716824644549763
845,i am so relaxed that i do not know what to say,i am so nervous that i do not know what to say,0.7171597633136094
847,a chair can be used to sit,a chair can be used to lie,0.7166469893742621
848,doing housework is a good way to entertain ourselves,watching movies is a good way to entertain ourselves,0.7169811320754716
849,i need water because i am hungry,i need water because i am thirsty,0.7173144876325088
850,i love the play very much because it is wonderful,i love the play very much because it is terrible,0.7176470588235294
851,this company makes a lot of money because of its outdated equipment,this company makes a lot of money because of its advanced equipment,0.717978848413631
852,there are many kinds of plants in antarctica,there are many kinds of plants in africa,0.7183098591549296
853,cosmetics can make me more ugly,cosmetics can make me more beautiful,0.7186400937866354
855,the monitor is a part of the computer,the mirror is a part of the computer,0.7181286549707603
856,this novel is too thin to finish quickly,this novel is too thick to finish quickly,0.7184579439252337
858,people can't talk loudly in hospitals,people can talk loudly in hospitals,0.717948717948718
859,you can't see the living dragon,you can see the living dragon,0.7182770663562281
860,soldiers are usually very strong,soldiers are usually very weak,0.7186046511627907
862,people shouldn't tell strangers the address of their families,people should tell strangers the address of their families,0.7180974477958236
863,you can touch the software with your hands,you can't touch the software with your hands,0.7184241019698725
865,people should correct their mistakes,people should ignore their mistakes,0.7179190751445087
866,people usually see lightning on sunny days,people usually see lightning on rainy days,0.7182448036951501
867,people go to school for studying,people go to school for sleeping,0.7185697808535179
870,people should destroy the collections in museums,people shouldn't destroy the collections in museums,0.7172413793103448
873,people usually hate to travel,people usually like to travel,0.715922107674685
874,people can judge the direction by the sun,people can't judge the direction by the sun,0.7162471395881007
875,businessmen are usually rude to their guests,businessmen are usually polite to their guests,0.7165714285714285
877,we cannot live without wine,we cannot live without water,0.7160775370581528
878,children are encouraged to be dishonest,children are encouraged to be honest,0.7164009111617312
880,water has the effect of making things dry,water has the effect of making things wet,0.7159090909090909
883,people should wash dirty clothes,people should wash clean clothes,0.7146092865232163
885,people usually like gold,people hardly like gold,0.7141242937853107
886,students usually do their homework in bed,students usually do their homework on the desk,0.7144469525959368
889,children should play with toys,children should play with knives,0.7131608548931384
891,people are usually upset when they fall down,people are usually happy when they fall down,0.712682379349046
893,people usually read books when they walk,people usually watch the road when they walk,0.7122060470324748
894,people usually don't need condiments while cooking,people usually don't need computers while cooking,0.7125279642058165
897,some people were born on february twentieth,some people were born on february thirtieth,0.7112597547380156
901,people usually marry the one they hate,people usually marry the one they love,0.709211986681465
902,people usually go to the gym for eating,people usually go to the gym for exercise,0.7095343680709535
903,people usually go fishing in sand,people usually go fishing in water,0.7098560354374308
905,people usually dry themselves with towels,people usually dry their bodies with plastic,0.7093922651933702
908,the earth revolves around the sun,the earth revolves around the moon,0.7081497797356828
909,beer contains water,beer contains gasoline,0.7084708470847084
910,elephants are small animals,elephants are enormous animals,0.7087912087912088
911,we can see tigers in the zoo,we can see aliens in the zoo,0.7091108671789242
912,the fruit is a kind of food,the stone is a kind of food,0.7094298245614035
913,models are usually very short,models are usually very tall,0.7097480832420592
914,books are made of paper,books are made of stones,0.7100656455142232
915,my bag is full of chairs,my bag is full of books,0.7103825136612022
916,the movie is so boring that i fall asleep,the movie is so interesting that i fall asleep,0.7106986899563319
917,this land is so barren that trees grow well,this land is so fertile that trees grow well,0.7110141766630316
920,the soldiers were very patriotic and they attack their country,the soldiers were very patriotic and they defend their country,0.7097826086956521
922,he is so inexperienced that he finished the task quickly,he is so experienced that he finished the task quickly,0.7093275488069414
923,we need to be friendly to our enemies,we need to be friendly to our friends,0.7096424702058505
924,it is hopeless for you to be admitted by the famous university because you are so outstanding,it is hopeful for you to be admitted by the famous university because you are so outstanding,0.70995670995671
925,servants need to serve their masters,masters need to serve their servants,0.7102702702702702
926,my house is a public place,my house is a private place,0.7105831533477321
927,most plants prefer to grow in the shadow,most plants prefer to grow in the sun,0.7108953613807982
928,when the room is dark you want to turn on the light,when the room is very bright you want to turn on the light,0.7112068965517241
929,you'd better wash your hands after using the toilet,you'd better not wash your hands after using the toilet,0.7115177610333692
930,you don't want to wear short sleeves outside in winter,you want to wear short sleeves outside in winter,0.7118279569892473
931,diesel cars need no oil to run,diesel cars need oil to run,0.7121374865735768
933,drunk driving is a good habit,drunk driving is not a good habit,0.7116827438370846
935,bricks can make walls,papers can make walls,0.7112299465240641
937,he used his mind to open the door,he used his hand to open the door,0.7107790821771611
938,he used fire to cook a meal,he used water to cook a meal,0.7110874200426439
939,he drinks a cup of oil,he drinks a cup of coffee,0.711395101171459
941,i love eating books,i love reading books,0.7109458023379384
942,after dinner he prepared the dishes,after dinner he washed the dishes,0.7112526539278131
943,he squeezed some lemonade from apples,he squeezed some lemonade from lemons,0.711558854718982
944,he drank some hot water to cool down,he drank some cold water to cool down,0.711864406779661
948,i love to drink soda of 20-year history,i love to drink wine of 20-year history,0.709915611814346
952,the desk is made of wood,the desk is made of wool,0.707983193277311
953,the carpet is made of wool,the carpet is made of wood,0.7082896117523609
954,shoes made of artificial leather are expensive,shoes made of real leather are expensive,0.7085953878406709
955,he came here yesterday,he came here tomorrow,0.7089005235602094
956,rocks had fallen from above,rocks had fallen from beneath,0.7092050209205021
957,she threw dirty clothes into a washing machine,she threw clean clothes into a washing machine,0.709508881922675
958,people tell their future to the next generation,people tell their history to the next generation,0.7098121085594989
960,i like to chase after butterflies,i like to chase after bees,0.709375
963,he put on his earphone and listened to the radio,he put on his eyeglasses and listened to the radio,0.7082035306334372
965,i opened my mouth and breathed heavily,i opened my eyes and breathed heavily,0.7077720207253886
966,he married his dog,he married his girlfriend,0.7080745341614907
967,he invited his female friend to his wedding,he invited his girlfriend to his wedding,0.7083764219234746
968,we need an hour to get to the airport,we need a month to get to the airport,0.7086776859504132
969,the company starts offices all over the building,the company starts offices all over the world,0.7089783281733746
970,my family lives in a large house,my family lives in a large box,0.709278350515464
971,we said goodbye and met,we said goodbye and left,0.709577754891864
972,i often walk my dog after dinner,i often walk my bag after dinner,0.7098765432098766
973,my arm hurts and it's very comfortable,my arm hurts and it's very painful,0.710174717368962
975,he got into his boat and started to row,he got into his car and started to row,0.7097435897435898
977,she ate 3 hamburgers for lunch,she ate 30 hamburgers for lunch,0.7093142272262026
980,he started to work at the age of 2,he started to work at the age of 20,0.7081632653061225
981,there are sixty students in this class,there are sixty teachers in this class,0.7084607543323139
982,she turned on the light to sleep,she turned on the light to study,0.7087576374745418
983,the farmer planted corn on his head,the farmer planted corn on his farm,0.7090539165818922
985,we missed the first bus and had to take a taxi,we missed the last bus and had to take a taxi,0.7086294416243655
986,she made me a cup of tea,she made me a cup of cookies,0.7089249492900609
987,i bought snakes from the supermarket,i bought snacks from the supermarket,0.7092198581560284
988,the apple grew under the tree,the apple grew on the tree,0.7095141700404858
991,he lost all his money in donating,he lost all his money in gambling,0.7083753784056509
993,he scored the losing goal,he scored the winning goal,0.7079556898288016
994,we will watch the game on the radio,we will watch the game on tv,0.7082494969818913
995,he fell asleep under the tree,he fell asleep in the tree,0.7085427135678392
996,drivers should not drive when they are energetic,drivers should not drive when they are tired,0.7088353413654619
998,the new product catches readers' eye,the new product catches readers' ear,0.7084168336673347
1001,we were told to keep silent in the library,we were told to keep noisy in the library,0.7072927072927073
1002,the artist painted the handle to open the door,the artist pulled the handle to open the door,0.7075848303393214
1004,he failed the course three times,he passed the course three times,0.7071713147410359
1006,the new album of the singer is released,the new movie of the singer is released,0.7067594433399602
1007,the police officer kissed the robber in the leg,the police officer shot the robber in the leg,0.7070506454816285
1009,he swam in the lake,he swam in the fish tank,0.7066402378592666
1010,he vowed to love her for the rest of day,he vowed to love her for the rest of life,0.7069306930693069
1011,he took the final exam to pass the course,he skipped the final exam to pass the course,0.7072205736894164
1012,he felt depressed at the good news,he felt pleased with the good news,0.7075098814229249
1013,the writer won an award for his new movie,the director won an award for his new movie,0.7077986179664363
1014,he took a photo of all his friends,he took a photo of all human beings,0.7080867850098619
1016,the reporter awarded the olympic champion,the reporter interviewed the olympic champion,0.7076771653543307
1018,he struggled to make his nightmare come true,he struggled to make his dream come true,0.7072691552062869
1019,he changed his job due to low salary,he changed his job due to high salary,0.7075564278704612
1022,he bought a cake to celebrate her birthday,he ate a cake to celebrate her birthday,0.7064579256360078
1024,the teacher read an interesting story to the students,the chalk read an interesting story to the students,0.7060546875
1025,the treasure is inherited from his ancestors,the treasure is inherited from his descendants,0.7063414634146341
1027,she put on running shoes before jogging,she put off running shoes before jogging,0.7059396299902629
1028,he continued to read the book to the first page,he continued to read the book to the last page,0.7062256809338522
1030,the big hand on a watch shows the minute,the big hand on a watch shows the day,0.7058252427184466
1031,he maintained balance and fell to the ground,he lost balance and fell to the ground,0.7061105722599418
1033,the traffic light turned white from red,the traffic light turned green from red,0.7057115198451114
1034,she smells terrible after a shower,she smells nice after a shower,0.7059961315280464
1035,he put on a sweater and go skiing,he put on a t-shirt and go skiing,0.706280193236715
1036,he received many gifts at his birthday party,he received many complaints at his birthday party,0.7065637065637066
1037,he surfed the sea to check his email,he surfed the web to check his email,0.7068466730954677
1038,i gave him some review on his future career,i gave him some advice on his future career,0.7071290944123314
1039,she planted a tree in her yard,she planted a tree in her bedroom,0.7074109720885466
1040,the policeman put the witness in jail,the policeman put the suspect in jail,0.7076923076923077
1041,he printed out the form and filled in the blanks,he printed out the form and crossed out the blanks,0.7079731027857828
1043,the shipowner adjusted the sail to go faster,the shipowner adjusted the wind to go faster,0.7075743048897412
1044,he lit the cigarette and began to smoke,he extinguished the cigarette and began to smoke,0.7078544061302682
1046,she put her earrings back to the seasoning box,she put her earrings back to the jewelry box,0.7074569789674953
1047,a short lunch break from work makes me eat quickly,a short lunch break from work makes me eat slowly,0.7077363896848138
1050,the waiter gave him a menu to order food,the waiter gave him a bill to order food,0.7066666666666667
1052,i put all my stuff in the drawer to travel,i put all my stuff in the luggage to travel,0.7062737642585551
